{"jsonrpc": "2.0", "id": 469415478, "result": {"id": 35, "name": "Apps", "type": "ir.actions.act_window", "view_id": false, "domain": false, "context": "{'search_default_app':1}", "res_id": 0, "res_model": "ir.module.module", "target": "current", "view_mode": "kanban,list,form", "usage": false, "view_ids": [], "views": [[false, "kanban"], [false, "list"], [false, "form"]], "limit": 80, "groups_id": [], "search_view_id": [92, "ir.module.module.list.select"], "filter": false, "search_view": "{'model': 'ir.module.module', 'field_parent': False, 'arch': '<search string=\"Search modules\">\\n                    <field name=\"name\" filter_domain=\"[\\'|\\', \\'|\\', (\\'summary\\', \\'ilike\\', self), (\\'shortdesc\\', \\'ilike\\', self), (\\'name\\',                         \\'ilike\\', self)]\" string=\"Module\" modifiers=\"{&quot;readonly&quot;: true, &quot;required&quot;: true}\"/>\\n                    <filter name=\"app\" string=\"Apps\" domain=\"[(\\'application\\', \\'=\\', True)]\"/>\\n                    <filter name=\"extra\" string=\"Extra\" domain=\"[(\\'application\\', \\'=\\', False)]\"/>\\n                    <separator/>\\n                    <filter name=\"installed\" string=\"Installed\" domain=\"[(\\'state\\', \\'in\\', [\\'installed\\', \\'to upgrade\\', \\'to remove\\'])]\"/>\\n                    <filter name=\"not_installed\" string=\"Not Installed\" domain=\"[(\\'state\\', \\'in\\', [\\'uninstalled\\', \\'uninstallable\\', \\'to install\\'])]\"/>\\n                    <field name=\"category_id\" can_create=\"true\" can_write=\"true\" modifiers=\"{&quot;readonly&quot;: true}\"/>\\n                    <group expand=\"0\" string=\"Group By\">\\n                        <filter string=\"Author\" name=\"author\" domain=\"[]\" context=\"{\\'group_by\\':\\'author\\'}\"/>\\n                        <filter string=\"Category\" name=\"category\" domain=\"[]\" context=\"{\\'group_by\\':\\'category_id\\'}\"/>\\n                        <filter string=\"State\" name=\"state\" domain=\"[]\" context=\"{\\'group_by\\':\\'state\\'}\"/>\\n                    </group>\\n               </search>', 'name': 'ir.module.module.list.select', 'type': 'search', 'view_id': 92, 'base_model': 'ir.module.module', 'fields': {'name': {'type': 'char', 'change_default': False, 'company_dependent': False, 'depends': (), 'manual': False, 'readonly': True, 'required': True, 'searchable': True, 'sortable': True, 'store': True, 'string': 'Technical Name', 'translate': False, 'trim': True, 'views': {}}, 'category_id': {'type': 'many2one', 'change_default': False, 'company_dependent': False, 'context': {}, 'depends': (), 'domain': [], 'manual': False, 'readonly': True, 'relation': 'ir.module.category', 'required': False, 'searchable': True, 'sortable': True, 'store': True, 'string': 'Category', 'views': {}}}}", "xml_id": "base.open_module_tree", "help": "<p class=\"o_view_nocontent_empty_folder\">\n                No module found!\n              </p><p>\n                You should try other search criteria.\n              </p>\n            ", "binding_model_id": false, "binding_type": "action", "binding_view_types": "list,form", "display_name": "Apps", "create_uid": [1, "System"], "create_date": "2019-11-10 01:35:45", "write_uid": [1, "System"], "write_date": "2019-11-10 01:35:45", "__last_update": "2019-11-10 01:35:45", "flags": {}}}