{"jsonrpc": "2.0", "id": 489289431, "result": {"fields_views": {"kanban": {"model": "ir.module.module", "field_parent": false, "arch": "<kanban create=\"false\" class=\"o_modules_kanban\">\n                  <field name=\"icon\" modifiers=\"{}\"/>\n                  <field name=\"to_buy\" modifiers=\"{}\"/>\n                  <field name=\"name\" modifiers=\"{&quot;readonly&quot;: true, &quot;required&quot;: true}\"/>\n                  <field name=\"state\" modifiers=\"{&quot;readonly&quot;: true}\"/>\n                  <field name=\"summary\" modifiers=\"{&quot;readonly&quot;: true}\"/>\n                  <field name=\"website\" modifiers=\"{&quot;readonly&quot;: true}\"/>\n                  <field name=\"application\" modifiers=\"{&quot;readonly&quot;: true}\"/>\n                  <templates>\n                    <t t-name=\"kanban-box\">\n                      <div class=\"oe_module_vignette\">\n                        <t t-set=\"installed\" t-value=\"record.state.raw_value == 'installed'\"/>\n                        <div class=\"o_dropdown_kanban dropdown\" tabindex=\"-1\">\n                            <a class=\"dropdown-toggle o-no-caret btn\" data-toggle=\"dropdown\" data-display=\"static\" href=\"#\" role=\"button\" aria-label=\"Dropdown menu\" title=\"Dropdown menu\">\n                                <span class=\"fa fa-ellipsis-v\"/>\n                            </a>\n                            <div class=\"dropdown-menu\" role=\"menu\" aria-labelledby=\"dLabel\">\n                                <a type=\"edit\" class=\"dropdown-item\">Module Info</a>\n                                <a t-if=\"record.website.raw_value\" role=\"menuitem\" class=\"dropdown-item\" t-att-href=\"record.website.raw_value\" target=\"_blank\">Learn More</a>\n                                <a t-if=\"installed\" name=\"button_immediate_upgrade\" type=\"object\" role=\"menuitem\" class=\"dropdown-item\">Upgrade</a>\n                                <a t-if=\"installed\" name=\"button_uninstall_wizard\" type=\"object\" role=\"menuitem\" class=\"dropdown-item\">Uninstall</a>\n                            </div>\n                        </div>\n                        <img t-attf-src=\"#{record.icon.value}\" class=\"oe_module_icon\" alt=\"Icon\"/>\n                        <div class=\"oe_module_desc\" t-att-title=\"record.shortdesc.value\">\n                          <h4 class=\"o_kanban_record_title\">\n                            <field name=\"shortdesc\" modifiers=\"{&quot;readonly&quot;: true}\"/>&amp;nbsp;\n                          </h4>\n                          <p class=\"oe_module_name\">\n                            <field name=\"summary\" modifiers=\"{&quot;readonly&quot;: true}\"/>\n                            <code invisible=\"1\" modifiers=\"{&quot;invisible&quot;: true}\"><field name=\"name\" modifiers=\"{&quot;readonly&quot;: true, &quot;required&quot;: true}\"/></code>\n                          </p>\n                          <div class=\"oe_module_action\">\n                            <a t-att-href=\"record.website.raw_value\" target=\"_blank\" attrs=\"{'invisible':[('website', '=', '')]}\" class=\"btn btn-sm btn-secondary float-right\" role=\"button\" modifiers=\"{&quot;invisible&quot;: [[&quot;website&quot;, &quot;=&quot;, &quot;&quot;]]}\">Learn More</a>\n                            <a type=\"edit\" class=\"btn btn-secondary btn-sm float-right\" role=\"button\" attrs=\"{'invisible': [('website', '&lt;&gt;', '')]}\" modifiers=\"{&quot;invisible&quot;: [[&quot;website&quot;, &quot;&lt;&gt;&quot;, &quot;&quot;]]}\">Module Info</a>\n                            <button type=\"object\" class=\"btn btn-primary btn-sm\" name=\"button_immediate_install\" states=\"uninstalled\" t-if=\"! record.to_buy.raw_value\" modifiers=\"{&quot;invisible&quot;: [[&quot;state&quot;, &quot;not in&quot;, [&quot;uninstalled&quot;]]]}\">Install</button>\n                            <a href=\"https://odoo.com/pricing?utm_source=db&amp;utm_medium=module#hosting=on_premise\" class=\"btn btn-info btn-sm\" states=\"uninstalled,uninstallable\" t-if=\"record.to_buy.raw_value\" role=\"button\" modifiers=\"{&quot;invisible&quot;: [[&quot;state&quot;, &quot;not in&quot;, [&quot;uninstalled&quot;, &quot;uninstallable&quot;]]]}\">Upgrade</a>\n                            <div t-if=\"installed\" class=\"text-muted float-left\">Installed</div>\n                            <button states=\"to remove\" type=\"object\" class=\"btn btn-sm btn-primary\" name=\"button_uninstall_cancel\" modifiers=\"{&quot;invisible&quot;: [[&quot;state&quot;, &quot;not in&quot;, [&quot;to remove&quot;]]]}\">Cancel Uninstall</button>\n                            <button states=\"to install\" type=\"object\" class=\"btn btn-sm btn-primary\" name=\"button_install_cancel\" modifiers=\"{&quot;invisible&quot;: [[&quot;state&quot;, &quot;not in&quot;, [&quot;to install&quot;]]]}\">Cancel Install</button>\n                          </div>\n                        </div>\n                      </div>\n                    </t>\n                  </templates>\n                </kanban>", "name": "Apps Kanban", "type": "kanban", "view_id": 95, "base_model": "ir.module.module", "fields": {"name": {"type": "char", "change_default": false, "company_dependent": false, "depends": [], "manual": false, "readonly": true, "required": true, "searchable": true, "sortable": true, "store": true, "string": "Technical Name", "translate": false, "trim": true, "views": {}}, "shortdesc": {"type": "char", "change_default": false, "company_dependent": false, "depends": [], "manual": false, "readonly": true, "required": false, "searchable": true, "sortable": true, "store": true, "string": "Module Name", "translate": true, "trim": true, "views": {}}, "summary": {"type": "char", "change_default": false, "company_dependent": false, "depends": [], "manual": false, "readonly": true, "required": false, "searchable": true, "sortable": true, "store": true, "string": "Summary", "translate": true, "trim": true, "views": {}}, "website": {"type": "char", "change_default": false, "company_dependent": false, "depends": [], "manual": false, "readonly": true, "required": false, "searchable": true, "sortable": true, "store": true, "string": "Website", "translate": false, "trim": true, "views": {}}, "state": {"type": "selection", "change_default": false, "company_dependent": false, "depends": [], "manual": false, "readonly": true, "required": false, "searchable": true, "selection": [["uninstallable", "Uninstallable"], ["uninstalled", "Not Installed"], ["installed", "Installed"], ["to upgrade", "To be upgraded"], ["to remove", "To be removed"], ["to install", "To be installed"]], "sortable": true, "store": true, "string": "Status", "views": {}}, "application": {"type": "boolean", "change_default": false, "company_dependent": false, "depends": [], "manual": false, "readonly": true, "required": false, "searchable": true, "sortable": true, "store": true, "string": "Application", "views": {}}, "icon": {"type": "char", "change_default": false, "company_dependent": false, "depends": [], "manual": false, "readonly": false, "required": false, "searchable": true, "sortable": true, "store": true, "string": "Icon URL", "translate": false, "trim": true, "views": {}}, "to_buy": {"type": "boolean", "change_default": false, "company_dependent": false, "depends": [], "manual": false, "readonly": false, "required": false, "searchable": true, "sortable": true, "store": true, "string": "Odoo Enterprise Module", "views": {}}}, "toolbar": {"print": [], "action": []}}, "list": {"model": "ir.module.module", "field_parent": false, "arch": "<tree decoration-info=\"state=='to upgrade' or state=='to install'\" decoration-danger=\"state=='uninstalled'\" decoration-muted=\"state=='uninstallable'\" create=\"false\" string=\"Apps\">\n                    <field name=\"shortdesc\" modifiers=\"{&quot;readonly&quot;: true}\"/>\n                    <field name=\"name\" on_change=\"1\" invisible=\"1\" modifiers=\"{&quot;invisible&quot;: true, &quot;readonly&quot;: true, &quot;required&quot;: true, &quot;column_invisible&quot;: true}\"/>\n                    <field name=\"author\" modifiers=\"{&quot;readonly&quot;: true}\"/>\n                    <field name=\"website\" modifiers=\"{&quot;readonly&quot;: true}\"/>\n                    <field name=\"installed_version\" modifiers=\"{&quot;readonly&quot;: true}\"/>\n                    <field name=\"state\" modifiers=\"{&quot;readonly&quot;: true}\"/>\n                    <field name=\"category_id\" invisible=\"1\" can_create=\"false\" can_write=\"false\" modifiers=\"{&quot;readonly&quot;: true, &quot;column_invisible&quot;: true}\"/>\n                </tree>", "name": "ir.module.module.tree", "type": "tree", "view_id": 94, "base_model": "ir.module.module", "fields": {"name": {"type": "char", "change_default": false, "company_dependent": false, "depends": [], "manual": false, "readonly": true, "required": true, "searchable": true, "sortable": true, "store": true, "string": "Technical Name", "translate": false, "trim": true, "views": {}}, "category_id": {"type": "many2one", "change_default": false, "company_dependent": false, "context": {}, "depends": [], "domain": [], "manual": false, "readonly": true, "relation": "ir.module.category", "required": false, "searchable": true, "sortable": true, "store": true, "string": "Category", "views": {}}, "shortdesc": {"type": "char", "change_default": false, "company_dependent": false, "depends": [], "manual": false, "readonly": true, "required": false, "searchable": true, "sortable": true, "store": true, "string": "Module Name", "translate": true, "trim": true, "views": {}}, "author": {"type": "char", "change_default": false, "company_dependent": false, "depends": [], "manual": false, "readonly": true, "required": false, "searchable": true, "sortable": true, "store": true, "string": "Author", "translate": false, "trim": true, "views": {}}, "website": {"type": "char", "change_default": false, "company_dependent": false, "depends": [], "manual": false, "readonly": true, "required": false, "searchable": true, "sortable": true, "store": true, "string": "Website", "translate": false, "trim": true, "views": {}}, "installed_version": {"type": "char", "change_default": false, "company_dependent": false, "depends": ["name"], "manual": false, "readonly": true, "required": false, "searchable": false, "sortable": false, "store": false, "string": "Latest Version", "translate": false, "trim": true, "views": {}}, "state": {"type": "selection", "change_default": false, "company_dependent": false, "depends": [], "manual": false, "readonly": true, "required": false, "searchable": true, "selection": [["uninstallable", "Uninstallable"], ["uninstalled", "Not Installed"], ["installed", "Installed"], ["to upgrade", "To be upgraded"], ["to remove", "To be removed"], ["to install", "To be installed"]], "sortable": true, "store": true, "string": "Status", "views": {}}}, "toolbar": {"print": [{"id": 40, "name": "Technical guide", "type": "ir.actions.report", "binding_type": "report", "model": "ir.module.module", "model_id": [62, "Module"], "report_type": "qweb-pdf", "report_name": "base.report_irmodulereference", "report_file": "base.report_irmodulereference", "groups_id": [], "multi": false, "paperformat_id": false, "print_report_name": false, "attachment_use": false, "attachment": false, "xml_id": "base.ir_module_reference_print", "help": false, "binding_model_id": [62, "Module"], "binding_view_types": "list,form", "display_name": "Technical guide", "create_uid": [1, "System"], "create_date": "2019-11-10 01:35:45", "write_uid": [1, "System"], "write_date": "2019-11-10 01:35:45", "__last_update": "2019-11-10 01:35:45"}], "action": [{"id": 51, "name": "Install Modules", "type": "ir.actions.server", "usage": "ir_actions_server", "state": "code", "sequence": 5, "model_id": [62, "Module"], "model_name": "ir.module.module", "code": "records.button_immediate_install()", "child_ids": [], "crud_model_id": false, "crud_model_name": false, "link_field_id": false, "fields_lines": [], "groups_id": [], "xml_id": "base.action_server_module_immediate_install", "help": false, "binding_model_id": [62, "Module"], "binding_type": "action", "binding_view_types": "list,form", "display_name": "Install Modules", "create_uid": [1, "System"], "create_date": "2019-11-10 01:35:45", "write_uid": [1, "System"], "write_date": "2019-11-10 01:35:45", "__last_update": "2019-11-10 01:35:45"}]}}, "form": {"model": "ir.module.module", "field_parent": false, "arch": "<form create=\"0\" edit=\"0\" string=\"Module\" class=\"o_module_form\">\n                    <link rel=\"stylesheet\" href=\"/base/static/src/css/description.css\"/>\n                    <sheet>\n                    <field name=\"icon_image\" widget=\"image\" class=\"oe_avatar\" modifiers=\"{&quot;readonly&quot;: true}\"/>\n                    <div class=\"oe_title mb32\">\n                        <h1><field name=\"shortdesc\" placeholder=\"Module Name\" modifiers=\"{&quot;readonly&quot;: true}\"/></h1>\n                        <h3 class=\"oe_fade\">\n                            By <field name=\"author\" class=\"oe_inline\" placeholder=\"Author Name\" modifiers=\"{&quot;readonly&quot;: true}\"/>\n                        </h3>\n                        <div>\n                            <button name=\"button_immediate_install\" string=\"Install\" attrs=\"{'invisible': ['|', ('to_buy','=',True), ('state','!=', 'uninstalled')]}\" type=\"object\" class=\"btn btn-primary mr-1\" modifiers=\"{&quot;invisible&quot;: [&quot;|&quot;, [&quot;to_buy&quot;, &quot;=&quot;, true], [&quot;state&quot;, &quot;!=&quot;, &quot;uninstalled&quot;]]}\"/>\n                            <a href=\"https://odoo.com/pricing?utm_source=db&amp;utm_medium=module#hosting=on_premise\" class=\"btn btn-primary mr-1\" states=\"uninstalled,uninstallable\" attrs=\"{'invisible': [('to_buy','=',False)]}\" role=\"button\" modifiers=\"{&quot;invisible&quot;: [[&quot;to_buy&quot;, &quot;=&quot;, false], [&quot;state&quot;, &quot;not in&quot;, [&quot;uninstalled&quot;, &quot;uninstallable&quot;]]]}\">Upgrade</a>\n                            <button name=\"button_immediate_upgrade\" states=\"installed\" string=\"Upgrade\" type=\"object\" class=\"btn btn-primary mr-1\" modifiers=\"{&quot;invisible&quot;: [[&quot;state&quot;, &quot;not in&quot;, [&quot;installed&quot;]]]}\"/>\n                            <button name=\"button_uninstall_wizard\" states=\"installed\" string=\"Uninstall\" type=\"object\" class=\"btn btn-secondary mr-1\" modifiers=\"{&quot;invisible&quot;: [[&quot;state&quot;, &quot;not in&quot;, [&quot;installed&quot;]]]}\"/>\n                            <button name=\"button_uninstall_cancel\" states=\"to remove\" string=\"Cancel Uninstall\" type=\"object\" class=\"btn btn-secondary mr-1\" modifiers=\"{&quot;invisible&quot;: [[&quot;state&quot;, &quot;not in&quot;, [&quot;to remove&quot;]]]}\"/>\n                            <button name=\"button_upgrade_cancel\" states=\"to upgrade\" string=\"Cancel Upgrade\" type=\"object\" class=\"btn btn-secondary mr-1\" modifiers=\"{&quot;invisible&quot;: [[&quot;state&quot;, &quot;not in&quot;, [&quot;to upgrade&quot;]]]}\"/>\n                            <button name=\"button_install_cancel\" states=\"to install\" string=\"Cancel Install\" type=\"object\" class=\"btn btn-secondary mr-1\" modifiers=\"{&quot;invisible&quot;: [[&quot;state&quot;, &quot;not in&quot;, [&quot;to install&quot;]]]}\"/>\n                        </div>\n                    </div>\n                    <div class=\"oe_clear\"/>\n                    <notebook invisible=\"1\" modifiers=\"{&quot;invisible&quot;: true}\">\n                        <page string=\"Information\">\n                            <group>\n                                <group>\n                                    <field name=\"website\" widget=\"url\" attrs=\"{'invisible':[('website','=',False)]}\" modifiers=\"{&quot;invisible&quot;: [[&quot;website&quot;, &quot;=&quot;, false]], &quot;readonly&quot;: true}\"/>\n                                    <field name=\"category_id\" widget=\"selection\" can_create=\"false\" can_write=\"false\" modifiers=\"{&quot;readonly&quot;: true}\"/>\n                                    <field name=\"summary\" modifiers=\"{&quot;readonly&quot;: true}\"/>\n                                    <field name=\"to_buy\" invisible=\"1\" modifiers=\"{&quot;invisible&quot;: true}\"/>\n                                </group>\n                                <group>\n                                    <field name=\"name\" on_change=\"1\" modifiers=\"{&quot;readonly&quot;: true, &quot;required&quot;: true}\"/>\n                                    <field name=\"license\" modifiers=\"{&quot;readonly&quot;: true}\"/>\n                                    <field name=\"installed_version\" modifiers=\"{&quot;readonly&quot;: true}\"/>\n                                </group>\n                            </group>\n                        </page>\n                        <page string=\"Technical Data\">\n                            <group col=\"4\">\n                                <field name=\"demo\" modifiers=\"{&quot;readonly&quot;: true}\"/>\n                                <field name=\"application\" modifiers=\"{&quot;readonly&quot;: true}\"/>\n                                <field name=\"state\" on_change=\"1\" modifiers=\"{&quot;readonly&quot;: true}\"/>\n                            </group>\n                            <group string=\"Created Views\" attrs=\"{'invisible':[('state','!=','installed')]}\" modifiers=\"{&quot;invisible&quot;: [[&quot;state&quot;, &quot;!=&quot;, &quot;installed&quot;]]}\"/>\n                            <p class=\"oe_grey\" attrs=\"{'invisible': ['|',('views_by_module','not in',[None,False]),('state','!=','installed')]}\" modifiers=\"{&quot;invisible&quot;: [&quot;|&quot;, [&quot;views_by_module&quot;, &quot;not in&quot;, [null, false]], [&quot;state&quot;, &quot;!=&quot;, &quot;installed&quot;]]}\"> -This module does not create views.</p>\n                            <field name=\"views_by_module\" modifiers=\"{&quot;readonly&quot;: true}\"/>\n                            <group string=\"Dependencies\"/>\n                            <p class=\"oe_grey\" attrs=\"{'invisible': [('dependencies_id','not in',[None,False])]}\" modifiers=\"{&quot;invisible&quot;: [[&quot;dependencies_id&quot;, &quot;not in&quot;, [null, false]]]}\"> -This module does not depends on any other module.</p>\n                            <field name=\"dependencies_id\" modifiers=\"{&quot;readonly&quot;: true}\">\n                                </field>\n                            <group string=\"Exclusions\"/>\n                            <p class=\"oe_grey\" attrs=\"{'invisible': [('exclusion_ids','not in',[None,False])]}\" modifiers=\"{&quot;invisible&quot;: [[&quot;exclusion_ids&quot;, &quot;not in&quot;, [null, false]]]}\"> -This module does not exclude any other module.</p>\n                            <field name=\"exclusion_ids\" modifiers=\"{&quot;readonly&quot;: true}\">\n                                </field>\n                        </page>\n                        <page string=\"Installed Features\" attrs=\"{'invisible':[('state','!=','installed')]}\" modifiers=\"{&quot;invisible&quot;: [[&quot;state&quot;, &quot;!=&quot;, &quot;installed&quot;]]}\">\n                            <group string=\"Created Menus\"/>\n                            <p class=\"oe_grey\" attrs=\"{'invisible': [('menus_by_module','not in',[None,False])]}\" modifiers=\"{&quot;invisible&quot;: [[&quot;menus_by_module&quot;, &quot;not in&quot;, [null, false]]]}\"> -This module does not create menu.</p>\n                            <field name=\"menus_by_module\" modifiers=\"{&quot;readonly&quot;: true}\"/>\n                            <group string=\"Defined Reports\"/>\n                            <p class=\"oe_grey\" attrs=\"{'invisible': [('reports_by_module','not in',[None,False])]}\" modifiers=\"{&quot;invisible&quot;: [[&quot;reports_by_module&quot;, &quot;not in&quot;, [null, false]]]}\"> -This module does not create report.</p>\n                            <field name=\"reports_by_module\" modifiers=\"{&quot;readonly&quot;: true}\"/>\n                        </page>\n                    </notebook>\n                    <field name=\"description_html\" class=\"oe_styling_v8\" modifiers=\"{&quot;readonly&quot;: true}\"/>\n                    </sheet>\n                </form>", "name": "ir.module.module.form", "type": "form", "view_id": 93, "base_model": "ir.module.module", "fields": {"name": {"type": "char", "change_default": false, "company_dependent": false, "depends": [], "manual": false, "readonly": true, "required": true, "searchable": true, "sortable": true, "store": true, "string": "Technical Name", "translate": false, "trim": true, "views": {}}, "category_id": {"type": "many2one", "change_default": false, "company_dependent": false, "context": {}, "depends": [], "domain": [], "manual": false, "readonly": true, "relation": "ir.module.category", "required": false, "searchable": true, "sortable": true, "store": true, "string": "Category", "views": {}}, "shortdesc": {"type": "char", "change_default": false, "company_dependent": false, "depends": [], "manual": false, "readonly": true, "required": false, "searchable": true, "sortable": true, "store": true, "string": "Module Name", "translate": true, "trim": true, "views": {}}, "summary": {"type": "char", "change_default": false, "company_dependent": false, "depends": [], "manual": false, "readonly": true, "required": false, "searchable": true, "sortable": true, "store": true, "string": "Summary", "translate": true, "trim": true, "views": {}}, "description_html": {"type": "html", "change_default": false, "company_dependent": false, "depends": ["name", "description"], "manual": false, "readonly": true, "required": false, "sanitize": true, "sanitize_attributes": true, "sanitize_style": false, "sanitize_tags": true, "searchable": false, "sortable": false, "store": false, "string": "Description HTML", "strip_classes": false, "strip_style": false, "translate": false, "views": {}}, "author": {"type": "char", "change_default": false, "company_dependent": false, "depends": [], "manual": false, "readonly": true, "required": false, "searchable": true, "sortable": true, "store": true, "string": "Author", "translate": false, "trim": true, "views": {}}, "website": {"type": "char", "change_default": false, "company_dependent": false, "depends": [], "manual": false, "readonly": true, "required": false, "searchable": true, "sortable": true, "store": true, "string": "Website", "translate": false, "trim": true, "views": {}}, "installed_version": {"type": "char", "change_default": false, "company_dependent": false, "depends": ["name"], "manual": false, "readonly": true, "required": false, "searchable": false, "sortable": false, "store": false, "string": "Latest Version", "translate": false, "trim": true, "views": {}}, "dependencies_id": {"type": "one2many", "change_default": false, "company_dependent": false, "context": {}, "depends": [], "domain": [], "manual": false, "readonly": true, "relation": "ir.module.module.dependency", "relation_field": "module_id", "required": false, "searchable": true, "sortable": true, "store": true, "string": "Dependencies", "views": {"tree": {"arch": "<tree string=\"Dependencies\">\n                                    <field name=\"name\" on_change=\"1\" modifiers=\"{}\"/>\n                                    <field name=\"state\" modifiers=\"{&quot;readonly&quot;: true}\"/>\n                                </tree>\n                            ", "fields": {"name": {"type": "char", "change_default": false, "company_dependent": false, "depends": [], "manual": false, "readonly": false, "required": false, "searchable": true, "sortable": true, "store": true, "string": "Name", "translate": false, "trim": true, "views": {}}, "state": {"type": "selection", "change_default": false, "company_dependent": false, "depends": ["depend_id.state"], "manual": false, "readonly": true, "required": false, "searchable": false, "selection": [["uninstallable", "Uninstallable"], ["uninstalled", "Not Installed"], ["installed", "Installed"], ["to upgrade", "To be upgraded"], ["to remove", "To be removed"], ["to install", "To be installed"], ["unknown", "Unknown"]], "sortable": false, "store": false, "string": "Status", "views": {}}}}}}, "exclusion_ids": {"type": "one2many", "change_default": false, "company_dependent": false, "context": {}, "depends": [], "domain": [], "manual": false, "readonly": true, "relation": "ir.module.module.exclusion", "relation_field": "module_id", "required": false, "searchable": true, "sortable": true, "store": true, "string": "Exclusions", "views": {"tree": {"arch": "<tree string=\"Exclusions\">\n                                    <field name=\"name\" on_change=\"1\" modifiers=\"{}\"/>\n                                    <field name=\"state\" modifiers=\"{&quot;readonly&quot;: true}\"/>\n                                </tree>\n                            ", "fields": {"name": {"type": "char", "change_default": false, "company_dependent": false, "depends": [], "manual": false, "readonly": false, "required": false, "searchable": true, "sortable": true, "store": true, "string": "Name", "translate": false, "trim": true, "views": {}}, "state": {"type": "selection", "change_default": false, "company_dependent": false, "depends": ["exclusion_id.state"], "manual": false, "readonly": true, "required": false, "searchable": false, "selection": [["uninstallable", "Uninstallable"], ["uninstalled", "Not Installed"], ["installed", "Installed"], ["to upgrade", "To be upgraded"], ["to remove", "To be removed"], ["to install", "To be installed"], ["unknown", "Unknown"]], "sortable": false, "store": false, "string": "Status", "views": {}}}}}}, "state": {"type": "selection", "change_default": false, "company_dependent": false, "depends": [], "manual": false, "readonly": true, "required": false, "searchable": true, "selection": [["uninstallable", "Uninstallable"], ["uninstalled", "Not Installed"], ["installed", "Installed"], ["to upgrade", "To be upgraded"], ["to remove", "To be removed"], ["to install", "To be installed"]], "sortable": true, "store": true, "string": "Status", "views": {}}, "demo": {"type": "boolean", "change_default": false, "company_dependent": false, "depends": [], "manual": false, "readonly": true, "required": false, "searchable": true, "sortable": true, "store": true, "string": "Demo Data", "views": {}}, "license": {"type": "selection", "change_default": false, "company_dependent": false, "depends": [], "manual": false, "readonly": true, "required": false, "searchable": true, "selection": [["GPL-2", "GPL Version 2"], ["GPL-2 or any later version", "GPL-2 or later version"], ["GPL-3", "GPL Version 3"], ["GPL-3 or any later version", "GPL-3 or later version"], ["AGPL-3", "Affero GPL-3"], ["LGPL-3", "LGPL Version 3"], ["Other OSI approved licence", "Other OSI Approved License"], ["OEEL-1", "Odoo Enterprise Edition License v1.0"], ["OPL-1", "Odoo Proprietary License v1.0"], ["Other proprietary", "Other Proprietary"]], "sortable": true, "store": true, "string": "License", "views": {}}, "menus_by_module": {"type": "text", "change_default": false, "company_dependent": false, "depends": ["name", "state"], "manual": false, "readonly": true, "required": false, "searchable": true, "sortable": true, "store": true, "string": "Menus", "translate": false, "views": {}}, "reports_by_module": {"type": "text", "change_default": false, "company_dependent": false, "depends": ["name", "state"], "manual": false, "readonly": true, "required": false, "searchable": true, "sortable": true, "store": true, "string": "Reports", "translate": false, "views": {}}, "views_by_module": {"type": "text", "change_default": false, "company_dependent": false, "depends": ["name", "state"], "manual": false, "readonly": true, "required": false, "searchable": true, "sortable": true, "store": true, "string": "Views", "translate": false, "views": {}}, "application": {"type": "boolean", "change_default": false, "company_dependent": false, "depends": [], "manual": false, "readonly": true, "required": false, "searchable": true, "sortable": true, "store": true, "string": "Application", "views": {}}, "icon_image": {"type": "binary", "attachment": true, "change_default": false, "company_dependent": false, "depends": ["icon"], "manual": false, "readonly": true, "required": false, "searchable": false, "sortable": false, "store": false, "string": "Icon", "views": {}}, "to_buy": {"type": "boolean", "change_default": false, "company_dependent": false, "depends": [], "manual": false, "readonly": false, "required": false, "searchable": true, "sortable": true, "store": true, "string": "Odoo Enterprise Module", "views": {}}}, "toolbar": {"action": []}}, "search": {"model": "ir.module.module", "field_parent": false, "arch": "<search string=\"Search modules\">\n                    <field name=\"name\" filter_domain=\"['|', '|', ('summary', 'ilike', self), ('shortdesc', 'ilike', self), ('name',                         'ilike', self)]\" string=\"Module\" modifiers=\"{&quot;readonly&quot;: true, &quot;required&quot;: true}\"/>\n                    <filter name=\"app\" string=\"Apps\" domain=\"[('application', '=', True)]\"/>\n                    <filter name=\"extra\" string=\"Extra\" domain=\"[('application', '=', False)]\"/>\n                    <separator/>\n                    <filter name=\"installed\" string=\"Installed\" domain=\"[('state', 'in', ['installed', 'to upgrade', 'to remove'])]\"/>\n                    <filter name=\"not_installed\" string=\"Not Installed\" domain=\"[('state', 'in', ['uninstalled', 'uninstallable', 'to install'])]\"/>\n                    <field name=\"category_id\" can_create=\"false\" can_write=\"false\" modifiers=\"{&quot;readonly&quot;: true}\"/>\n                    <group expand=\"0\" string=\"Group By\">\n                        <filter string=\"Author\" name=\"author\" domain=\"[]\" context=\"{'group_by':'author'}\"/>\n                        <filter string=\"Category\" name=\"category\" domain=\"[]\" context=\"{'group_by':'category_id'}\"/>\n                        <filter string=\"State\" name=\"state\" domain=\"[]\" context=\"{'group_by':'state'}\"/>\n                    </group>\n               </search>", "name": "ir.module.module.list.select", "type": "search", "view_id": 92, "base_model": "ir.module.module", "fields": {"name": {"type": "char", "change_default": false, "company_dependent": false, "depends": [], "manual": false, "readonly": true, "required": true, "searchable": true, "sortable": true, "store": true, "string": "Technical Name", "translate": false, "trim": true, "views": {}}, "category_id": {"type": "many2one", "change_default": false, "company_dependent": false, "context": {}, "depends": [], "domain": [], "manual": false, "readonly": true, "relation": "ir.module.category", "required": false, "searchable": true, "sortable": true, "store": true, "string": "Category", "views": {}}}}}, "fields": {"name": {"type": "char", "change_default": false, "company_dependent": false, "depends": [], "manual": false, "readonly": true, "required": true, "searchable": true, "sortable": true, "store": true, "string": "Technical Name", "translate": false, "trim": true}, "category_id": {"type": "many2one", "change_default": false, "company_dependent": false, "context": {}, "depends": [], "domain": [], "manual": false, "readonly": true, "relation": "ir.module.category", "required": false, "searchable": true, "sortable": true, "store": true, "string": "Category"}, "shortdesc": {"type": "char", "change_default": false, "company_dependent": false, "depends": [], "manual": false, "readonly": true, "required": false, "searchable": true, "sortable": true, "store": true, "string": "Module Name", "translate": true, "trim": true}, "summary": {"type": "char", "change_default": false, "company_dependent": false, "depends": [], "manual": false, "readonly": true, "required": false, "searchable": true, "sortable": true, "store": true, "string": "Summary", "translate": true, "trim": true}, "description": {"type": "text", "change_default": false, "company_dependent": false, "depends": [], "manual": false, "readonly": true, "required": false, "searchable": true, "sortable": true, "store": true, "string": "Description", "translate": true}, "description_html": {"type": "html", "change_default": false, "company_dependent": false, "depends": ["name", "description"], "manual": false, "readonly": true, "required": false, "sanitize": true, "sanitize_attributes": true, "sanitize_style": false, "sanitize_tags": true, "searchable": false, "sortable": false, "store": false, "string": "Description HTML", "strip_classes": false, "strip_style": false, "translate": false}, "author": {"type": "char", "change_default": false, "company_dependent": false, "depends": [], "manual": false, "readonly": true, "required": false, "searchable": true, "sortable": true, "store": true, "string": "Author", "translate": false, "trim": true}, "maintainer": {"type": "char", "change_default": false, "company_dependent": false, "depends": [], "manual": false, "readonly": true, "required": false, "searchable": true, "sortable": true, "store": true, "string": "Maintainer", "translate": false, "trim": true}, "contributors": {"type": "text", "change_default": false, "company_dependent": false, "depends": [], "manual": false, "readonly": true, "required": false, "searchable": true, "sortable": true, "store": true, "string": "Contributors", "translate": false}, "website": {"type": "char", "change_default": false, "company_dependent": false, "depends": [], "manual": false, "readonly": true, "required": false, "searchable": true, "sortable": true, "store": true, "string": "Website", "translate": false, "trim": true}, "installed_version": {"type": "char", "change_default": false, "company_dependent": false, "depends": ["name"], "manual": false, "readonly": true, "required": false, "searchable": false, "sortable": false, "store": false, "string": "Latest Version", "translate": false, "trim": true}, "latest_version": {"type": "char", "change_default": false, "company_dependent": false, "depends": [], "manual": false, "readonly": true, "required": false, "searchable": true, "sortable": true, "store": true, "string": "Installed Version", "translate": false, "trim": true}, "published_version": {"type": "char", "change_default": false, "company_dependent": false, "depends": [], "manual": false, "readonly": true, "required": false, "searchable": true, "sortable": true, "store": true, "string": "Published Version", "translate": false, "trim": true}, "url": {"type": "char", "change_default": false, "company_dependent": false, "depends": [], "manual": false, "readonly": true, "required": false, "searchable": true, "sortable": true, "store": true, "string": "URL", "translate": false, "trim": true}, "sequence": {"type": "integer", "change_default": false, "company_dependent": false, "depends": [], "group_operator": "sum", "manual": false, "readonly": false, "required": false, "searchable": true, "sortable": true, "store": true, "string": "Sequence"}, "dependencies_id": {"type": "one2many", "change_default": false, "company_dependent": false, "context": {}, "depends": [], "domain": [], "manual": false, "readonly": true, "relation": "ir.module.module.dependency", "relation_field": "module_id", "required": false, "searchable": true, "sortable": true, "store": true, "string": "Dependencies"}, "exclusion_ids": {"type": "one2many", "change_default": false, "company_dependent": false, "context": {}, "depends": [], "domain": [], "manual": false, "readonly": true, "relation": "ir.module.module.exclusion", "relation_field": "module_id", "required": false, "searchable": true, "sortable": true, "store": true, "string": "Exclusions"}, "auto_install": {"type": "boolean", "change_default": false, "company_dependent": false, "depends": [], "help": "An auto-installable module is automatically installed by the system when all its dependencies are satisfied. If the module has no dependency, it is always installed.", "manual": false, "readonly": false, "required": false, "searchable": true, "sortable": true, "store": true, "string": "Automatic Installation"}, "state": {"type": "selection", "change_default": false, "company_dependent": false, "depends": [], "manual": false, "readonly": true, "required": false, "searchable": true, "selection": [["uninstallable", "Uninstallable"], ["uninstalled", "Not Installed"], ["installed", "Installed"], ["to upgrade", "To be upgraded"], ["to remove", "To be removed"], ["to install", "To be installed"]], "sortable": true, "store": true, "string": "Status"}, "demo": {"type": "boolean", "change_default": false, "company_dependent": false, "depends": [], "manual": false, "readonly": true, "required": false, "searchable": true, "sortable": true, "store": true, "string": "Demo Data"}, "license": {"type": "selection", "change_default": false, "company_dependent": false, "depends": [], "manual": false, "readonly": true, "required": false, "searchable": true, "selection": [["GPL-2", "GPL Version 2"], ["GPL-2 or any later version", "GPL-2 or later version"], ["GPL-3", "GPL Version 3"], ["GPL-3 or any later version", "GPL-3 or later version"], ["AGPL-3", "Affero GPL-3"], ["LGPL-3", "LGPL Version 3"], ["Other OSI approved licence", "Other OSI Approved License"], ["OEEL-1", "Odoo Enterprise Edition License v1.0"], ["OPL-1", "Odoo Proprietary License v1.0"], ["Other proprietary", "Other Proprietary"]], "sortable": true, "store": true, "string": "License"}, "menus_by_module": {"type": "text", "change_default": false, "company_dependent": false, "depends": ["name", "state"], "manual": false, "readonly": true, "required": false, "searchable": true, "sortable": true, "store": true, "string": "Menus", "translate": false}, "reports_by_module": {"type": "text", "change_default": false, "company_dependent": false, "depends": ["name", "state"], "manual": false, "readonly": true, "required": false, "searchable": true, "sortable": true, "store": true, "string": "Reports", "translate": false}, "views_by_module": {"type": "text", "change_default": false, "company_dependent": false, "depends": ["name", "state"], "manual": false, "readonly": true, "required": false, "searchable": true, "sortable": true, "store": true, "string": "Views", "translate": false}, "application": {"type": "boolean", "change_default": false, "company_dependent": false, "depends": [], "manual": false, "readonly": true, "required": false, "searchable": true, "sortable": true, "store": true, "string": "Application"}, "icon": {"type": "char", "change_default": false, "company_dependent": false, "depends": [], "manual": false, "readonly": false, "required": false, "searchable": true, "sortable": true, "store": true, "string": "Icon URL", "translate": false, "trim": true}, "icon_image": {"type": "binary", "attachment": true, "change_default": false, "company_dependent": false, "depends": ["icon"], "manual": false, "readonly": true, "required": false, "searchable": false, "sortable": false, "store": false, "string": "Icon"}, "to_buy": {"type": "boolean", "change_default": false, "company_dependent": false, "depends": [], "manual": false, "readonly": false, "required": false, "searchable": true, "sortable": true, "store": true, "string": "Odoo Enterprise Module"}, "id": {"type": "integer", "change_default": false, "company_dependent": false, "depends": [], "manual": false, "readonly": true, "required": false, "searchable": true, "sortable": true, "store": true, "string": "ID"}, "display_name": {"type": "char", "change_default": false, "company_dependent": false, "depends": ["shortdesc"], "manual": false, "readonly": true, "required": false, "searchable": false, "sortable": false, "store": false, "string": "Display Name", "translate": false, "trim": true}, "create_uid": {"type": "many2one", "change_default": false, "company_dependent": false, "context": {}, "depends": [], "domain": [], "manual": false, "readonly": true, "relation": "res.users", "required": false, "searchable": true, "sortable": true, "store": true, "string": "Created by"}, "create_date": {"type": "datetime", "change_default": false, "company_dependent": false, "depends": [], "manual": false, "readonly": true, "required": false, "searchable": true, "sortable": true, "store": true, "string": "Created on"}, "write_uid": {"type": "many2one", "change_default": false, "company_dependent": false, "context": {}, "depends": [], "domain": [], "manual": false, "readonly": true, "relation": "res.users", "required": false, "searchable": true, "sortable": true, "store": true, "string": "Last Updated by"}, "write_date": {"type": "datetime", "change_default": false, "company_dependent": false, "depends": [], "manual": false, "readonly": true, "required": false, "searchable": true, "sortable": true, "store": true, "string": "Last Updated on"}, "__last_update": {"type": "datetime", "change_default": false, "company_dependent": false, "depends": ["create_date", "write_date"], "manual": false, "readonly": true, "required": false, "searchable": false, "sortable": false, "store": false, "string": "Last Modified on"}}, "filters": []}}