{"jsonrpc": "2.0", "id": 806588863, "result": {"length": 51, "records": [{"id": 278, "icon": "/crm/static/description/icon.png", "to_buy": false, "name": "crm", "state": "uninstalled", "summary": "Track leads and close opportunities", "website": "https://www.odoo.com/page/crm", "application": true, "shortdesc": "CRM"}, {"id": 78, "icon": "/website/static/description/icon.png", "to_buy": false, "name": "website", "state": "uninstalled", "summary": "Enterprise website builder", "website": "https://www.odoo.com/page/website-builder", "application": true, "shortdesc": "Website"}, {"id": 183, "icon": "/project/static/description/icon.png", "to_buy": false, "name": "project", "state": "uninstalled", "summary": "Organize and schedule your projects ", "website": "https://www.odoo.com/page/project-management", "application": true, "shortdesc": "Project"}, {"id": 343, "icon": "/base/static/img/icons/timesheet_grid.png", "to_buy": true, "name": "timesheet_grid", "state": "uninstallable", "summary": "Track time & costs", "website": "https://www.odoo.com/page/timesheet-mobile-app?utm_source=db&utm_medium=module", "application": true, "shortdesc": "Timesheets"}, {"id": 193, "icon": "/stock/static/description/icon.png", "to_buy": false, "name": "stock", "state": "uninstalled", "summary": "Manage your stock and logistics activities", "website": "https://www.odoo.com/page/warehouse", "application": true, "shortdesc": "Inventory"}, {"id": 354, "icon": "/base/static/img/icons/stock_barcode.png", "to_buy": true, "name": "stock_barcode", "state": "uninstallable", "summary": "Barcode scanner for warehouses", "website": "https://www.odoo.com/page/warehouse?utm_source=db&utm_medium=module", "application": true, "shortdesc": "Barcode"}, {"id": 318, "icon": "/account/static/description/icon.png", "to_buy": false, "name": "account", "state": "uninstalled", "summary": "Invoices & Payments", "website": "https://www.odoo.com/page/billing", "application": true, "shortdesc": "Invoicing"}, {"id": 344, "icon": "/base/static/img/icons/account_accountant.png", "to_buy": true, "name": "account_accountant", "state": "uninstallable", "summary": "Accounting, Taxes, Budgets, Assets...", "website": "https://www.odoo.com/page/accounting?utm_source=db&utm_medium=module", "application": true, "shortdesc": "Accounting"}, {"id": 131, "icon": "/mrp/static/description/icon.png", "to_buy": false, "name": "mrp", "state": "uninstalled", "summary": "Manufacturing Orders & BOMs", "website": "https://www.odoo.com/page/manufacturing", "application": true, "shortdesc": "Manufacturing"}, {"id": 357, "icon": "/base/static/img/icons/mrp_workorder.png", "to_buy": true, "name": "mrp_workorder", "state": "uninstallable", "summary": "Work Orders, Planning, Routing", "website": "https://www.odoo.com/page/mrp-cloud-software?utm_source=db&utm_medium=module", "application": true, "shortdesc": "MRP II"}, {"id": 348, "icon": "/base/static/img/icons/mrp_plm.png", "to_buy": true, "name": "mrp_plm", "state": "uninstallable", "summary": "PLM, ECOs, Versions", "website": "https://www.odoo.com/page/mrp-plm?utm_source=db&utm_medium=module", "application": true, "shortdesc": "Product Lifecycle Management (PLM)"}, {"id": 349, "icon": "/base/static/img/icons/quality_control.png", "to_buy": true, "name": "quality_control", "state": "uninstallable", "summary": "Quality Alerts, Control Points", "website": "https://www.odoo.com/page/quality-management-software?utm_source=db&utm_medium=module", "application": true, "shortdesc": "Quality"}, {"id": 111, "icon": "/sale_management/static/description/icon.png", "to_buy": false, "name": "sale_management", "state": "uninstalled", "summary": "From quotations to invoices", "website": "https://www.odoo.com/page/sales", "application": true, "shortdesc": "Sales"}, {"id": 342, "icon": "/base/static/img/icons/web_studio.png", "to_buy": true, "name": "web_studio", "state": "uninstallable", "summary": "Create and Customize Applications", "website": "https://odoo.com/page/studio?utm_source=db&utm_medium=module", "application": true, "shortdesc": "Studio"}, {"id": 153, "icon": "/point_of_sale/static/description/icon.png", "to_buy": false, "name": "point_of_sale", "state": "uninstalled", "summary": "User-friendly PoS interface for shops and restaurants", "website": "https://www.odoo.com/page/point-of-sale-shop", "application": true, "shortdesc": "Point of Sale"}, {"id": 142, "icon": "/note/static/description/icon.png", "to_buy": false, "name": "note", "state": "uninstalled", "summary": "Organize your work with memos", "website": "https://www.odoo.com/page/notes", "application": true, "shortdesc": "Notes"}, {"id": 199, "icon": "/website_sale/static/description/icon.png", "to_buy": false, "name": "website_sale", "state": "uninstalled", "summary": "Sell your products online", "website": "https://www.odoo.com/page/e-commerce", "application": true, "shortdesc": "eCommerce"}, {"id": 139, "icon": "/purchase/static/description/icon.png", "to_buy": false, "name": "purchase", "state": "uninstalled", "summary": "Purchase orders, tenders and agreements", "website": "https://www.odoo.com/page/purchase", "application": true, "shortdesc": "Purchase"}, {"id": 345, "icon": "/base/static/img/icons/helpdesk.png", "to_buy": true, "name": "helpdesk", "state": "uninstallable", "summary": "Track support tickets", "website": "https://www.odoo.com/page/helpdesk?utm_source=db&utm_medium=module", "application": true, "shortdesc": "Helpdesk"}, {"id": 137, "icon": "/hr/static/description/icon.png", "to_buy": false, "name": "hr", "state": "uninstalled", "summary": "Centralize employee information", "website": "https://www.odoo.com/page/employees", "application": true, "shortdesc": "Employees"}, {"id": 197, "icon": "/hr_attendance/static/description/icon.png", "to_buy": false, "name": "hr_attendance", "state": "uninstalled", "summary": "Track employee attendance", "website": "https://www.odoo.com/page/employees", "application": true, "shortdesc": "Attendances"}, {"id": 173, "icon": "/hr_recruitment/static/description/icon.png", "to_buy": false, "name": "hr_recruitment", "state": "uninstalled", "summary": "Track your recruitment pipeline", "website": "https://www.odoo.com/page/recruitment", "application": true, "shortdesc": "Recruitment"}, {"id": 333, "icon": "/hr_expense/static/description/icon.png", "to_buy": false, "name": "hr_expense", "state": "uninstalled", "summary": "Submit, validate and reinvoice employee expenses", "website": "https://www.odoo.com/page/expenses", "application": true, "shortdesc": "Expenses"}, {"id": 244, "icon": "/board/static/description/icon.png", "to_buy": false, "name": "board", "state": "uninstalled", "summary": "Build your own dashboards", "website": "", "application": true, "shortdesc": "Dashboards"}, {"id": 309, "icon": "/contacts/static/description/icon.png", "to_buy": false, "name": "contacts", "state": "uninstalled", "summary": "Centralize your address book", "website": "", "application": true, "shortdesc": "Contacts"}, {"id": 346, "icon": "/base/static/img/icons/hr_appraisal.png", "to_buy": true, "name": "hr_appraisal", "state": "uninstallable", "summary": "Assess your employees", "website": "https://www.odoo.com/page/appraisal?utm_source=db&utm_medium=module", "application": true, "shortdesc": "Appraisal"}, {"id": 5, "icon": "/hr_holidays/static/description/icon.png", "to_buy": false, "name": "hr_holidays", "state": "uninstalled", "summary": "Allocate time off and follow time off requests", "website": "https://www.odoo.com/page/leaves", "application": true, "shortdesc": "Time Off"}, {"id": 331, "icon": "/hr_skills/static/description/icon.png", "to_buy": false, "name": "hr_skills", "state": "uninstalled", "summary": "Manage skills, knowledge and resum\u00e9 of your employees", "website": "", "application": true, "shortdesc": "Skills Management"}, {"id": 217, "icon": "/mail/static/description/icon.png", "to_buy": false, "name": "mail", "state": "uninstalled", "summary": "Chat, mail gateway and private channels", "website": "https://www.odoo.com/page/discuss", "application": true, "shortdesc": "Discuss"}, {"id": 273, "icon": "/mass_mailing_sms/static/description/icon.png", "to_buy": false, "name": "mass_mailing_sms", "state": "uninstalled", "summary": "Design, send and track SMS", "website": "", "application": true, "shortdesc": "SMS Marketing"}, {"id": 351, "icon": "/base/static/img/icons/project_forecast.png", "to_buy": true, "name": "project_forecast", "state": "uninstallable", "summary": "Project forecasts, resource allocation", "website": "https://www.odoo.com/page/project-management?utm_source=db&utm_medium=module", "application": true, "shortdesc": "Project Forecast"}, {"id": 350, "icon": "/base/static/img/icons/sale_ebay.png", "to_buy": true, "name": "sale_ebay", "state": "uninstallable", "summary": "Sell on eBay easily", "website": "https://www.odoo.com/page/sales?utm_source=db&utm_medium=module", "application": true, "shortdesc": "eBay Connector"}, {"id": 352, "icon": "/base/static/img/icons/sale_subscription.png", "to_buy": true, "name": "sale_subscription", "state": "uninstallable", "summary": "MRR, Churn, Recurring payments", "website": "https://www.odoo.com/page/subscriptions?utm_source=db&utm_medium=module", "application": true, "shortdesc": "Subscriptions"}, {"id": 353, "icon": "/base/static/img/icons/sign.png", "to_buy": true, "name": "sign", "state": "uninstallable", "summary": "Send documents to sign online", "website": "https://www.odoo.com/page/sign?utm_source=db&utm_medium=module", "application": true, "shortdesc": "Sign"}, {"id": 355, "icon": "/base/static/img/icons/voip.png", "to_buy": true, "name": "voip", "state": "uninstallable", "summary": "Call using VoIP", "website": "https://www.odoo.com/page/crm?utm_source=db&utm_medium=module", "application": true, "shortdesc": "VoIP"}, {"id": 356, "icon": "/base/static/img/icons/website_calendar.png", "to_buy": true, "name": "website_calendar", "state": "uninstallable", "summary": "Online appointments scheduler", "website": "https://www.odoo.com/page/appointments?utm_source=db&utm_medium=module", "application": true, "shortdesc": "Appointments"}, {"id": 17, "icon": "/survey/static/description/icon.png", "to_buy": false, "name": "survey", "state": "uninstalled", "summary": "Create surveys and analyze answers", "website": "https://www.odoo.com/page/survey", "application": true, "shortdesc": "Surveys"}, {"id": 250, "icon": "/mass_mailing/static/description/icon.png", "to_buy": false, "name": "mass_mailing", "state": "uninstalled", "summary": "Design, send and track emails", "website": "https://www.odoo.com/page/mailing", "application": true, "shortdesc": "Email Marketing"}, {"id": 347, "icon": "/base/static/img/icons/marketing_automation.png", "to_buy": true, "name": "marketing_automation", "state": "uninstallable", "summary": "Build automated mailing campaigns", "website": "https://www.odoo.com/page/marketing-automation?utm_source=db&utm_medium=module", "application": true, "shortdesc": "Marketing Automation"}, {"id": 72, "icon": "/lunch/static/description/icon.png", "to_buy": false, "name": "lunch", "state": "uninstalled", "summary": "Handle lunch orders of your employees", "website": "", "application": true, "shortdesc": "Lunch"}, {"id": 208, "icon": "/maintenance/static/description/icon.png", "to_buy": false, "name": "maintenance", "state": "uninstalled", "summary": "Track equipment and manage maintenance requests", "website": "https://www.odoo.com/page/tpm-maintenance-software", "application": true, "shortdesc": "Maintenance"}, {"id": 257, "icon": "/calendar/static/description/icon.png", "to_buy": false, "name": "calendar", "state": "uninstalled", "summary": "Schedule employees' meetings", "website": "", "application": true, "shortdesc": "Calendar"}, {"id": 184, "icon": "/website_blog/static/description/icon.png", "to_buy": false, "name": "website_blog", "state": "uninstalled", "summary": "Publish blog posts, announces, news", "website": "https://www.odoo.com/page/blog-engine", "application": true, "shortdesc": "Blogs"}, {"id": 147, "icon": "/website_hr_recruitment/static/description/icon.png", "to_buy": false, "name": "website_hr_recruitment", "state": "uninstalled", "summary": "Manage your online hiring process", "website": "", "application": true, "shortdesc": "Online Jobs"}, {"id": 211, "icon": "/website_slides/static/description/icon.png", "to_buy": false, "name": "website_slides", "state": "uninstalled", "summary": "Manage and publish an eLearning platform", "website": "https://www.odoo.com/page/slides", "application": true, "shortdesc": "eLearning"}, {"id": 186, "icon": "/website_forum/static/description/icon.png", "to_buy": false, "name": "website_forum", "state": "uninstalled", "summary": "Manage a forum with FAQ and Q&A", "website": "https://www.odoo.com/page/community-builder", "application": true, "shortdesc": "Forum"}, {"id": 156, "icon": "/fleet/static/description/icon.png", "to_buy": false, "name": "fleet", "state": "uninstalled", "summary": "Manage your fleet and track car costs", "website": "https://www.odoo.com/page/fleet", "application": true, "shortdesc": "Fleet"}, {"id": 304, "icon": "/website_event/static/description/icon.png", "to_buy": false, "name": "website_event", "state": "uninstalled", "summary": "Publish events, sell tickets", "website": "https://www.odoo.com/page/events", "application": true, "shortdesc": "Events"}, {"id": 56, "icon": "/im_livechat/static/description/icon.png", "to_buy": false, "name": "im_livechat", "state": "uninstalled", "summary": "Chat with your website visitors", "website": "https://www.odoo.com/page/live-chat", "application": true, "shortdesc": "Live Chat"}, {"id": 2, "icon": "/repair/static/description/icon.png", "to_buy": false, "name": "repair", "state": "uninstalled", "summary": "Repair damaged products", "website": "", "application": true, "shortdesc": "Repairs"}, {"id": 358, "icon": "/base/static/img/icons/web_mobile.png", "to_buy": true, "name": "web_mobile", "state": "uninstallable", "summary": "Support for Android & iOS Apps", "website": "https://play.google.com/store/apps/details?id=com.odoo.mobile", "application": true, "shortdesc": "Android & iPhone"}]}}